Number of Cores , FFs
1 , 59.640203597
2 , 59.607970220
4 , 59.611384216
8 , 59.690874289
16 , 59.722889924
32 , 59.722889924
